{
  "metrics": {
    "rmse": 1082.7634570856185,
    "mape": 38.39066696801159,
    "r2": 0.57,
    "picp": 0.708,
    "mpiw": 2421.1950880528316,
    "feature_importance": {
      "town": 1.0,
      "flat_type": 0.31768501069579724
    }
  },
  "params": {
    "units": 512,
    "dropout": 0.3,
    "epochs": 30,
    "batch_size": 512
  },
  "timestamp": "2025-06-02 16:02:59"
}