{
  "model_type": "lstm",
  "params": {
    "lstm_units": 512,
    "dense_units": 256,
    "dropout_rate": 0.3,
    "learning_rate": 0.001,
    "batch_size": 512,
    "epochs": 30
  },
  "metrics": {
    "mse": 169363.8081156563,
    "rmse": 411.53834343309535,
    "mae": 312.620913422047,
    "mape": 10.663006026176976,
    "r2": 0.5892202699587903
  },
  "model_path": "models\\lstm_model.keras",
  "feature_count": 3370,
  "created_at": "2025-06-16T16:13:22.156627"
}