{
  "model_type": "lstm",
  "params": {
    "lstm_units": 512,
    "dense_units": 256,
    "dropout_rate": 0.3,
    "learning_rate": 0.001,
    "batch_size": 512,
    "epochs": 30
  },
  "metrics": {
    "mse": 265006.6826223946,
    "rmse": 514.7879977450859,
    "mae": 421.92369526579415,
    "mape": 14.698890274537499,
    "r2": 0.3541069492318777
  },
  "model_path": "models\\lstm_model.keras",
  "feature_count": 3380,
  "created_at": "2025-07-15T16:56:09.376988"
}